City,Province,city_median_price
abano-terme,padua,769500.0
abbateggio,pescara,75000.0
abbiategrasso,milan,518000.0
abetone-cutigliano,pistoia,169000.0
acate,ragusa,140000.0
aci-bonaccorsi,catania,134000.0
aci-castello,catania,145000.0
aci-catena,catania,93000.0
aci-sant-antonio,catania,128500.0
acireale,catania,125000.0
acqualagna,pesaro-and-urbino,680000.0
acquapendente,viterbo,330000.0
acquappesa,cosenza,48000.0
acquasparta,terni,200000.0
acquaviva-collecroce,campobasso,74000.0
acquaviva-delle-fonti,bari,580000.0
acquaviva-picena,ascoli-piceno,517500.0
acquedolci,messina,55000.0
acqui-terme,alessandria,290000.0
adelfia,bari,114000.0
adrano,catania,102500.0
adria,rovigo,55000.0
adro,brescia,750000.0
affi,verona,474000.0
aggius,sassari,109000.0
agliano-terme,asti,357500.0
aglie,turin,410000.0
aglientu,sassari,272500.0
agnone,isernia,85000.0
agrate-conturbia,novara,369000.0
agrigento,agrigento,180000.0
agropoli,salerno,560000.0
aielli,l-aquila,150000.0
aiello-calabro,cosenza,170000.0
alagna-valsesia,vercelli,485000.0
alanno,pescara,140000.0
alassio,savona,570000.0
alatri,frosinone,268000.0
alba,cuneo,238550.0
alba-adriatica,teramo,176000.0
albaretto-della-torre,cuneo,489000.0
albavilla,como,793898.0
albenga,savona,520000.0
alberobello,bari,264500.0
albese-con-cassano,como,290000.0
albignasego,padua,420000.0
albiolo,como,540000.0
albizzate,varese,590000.0
alcamo,trapani,120000.0
alessandria,alessandria,430000.0
alessandria-della-rocca,agrigento,40000.0
alessano,lecce,598000.0
alezio,lecce,550000.0
alfiano-natta,alessandria,185000.0
alghero,sassari,390000.0
alice-bel-colle,alessandria,275000.0
alimena,palermo,96000.0
aliminusa,palermo,30000.0
allerona,terni,170000.0
alliste,lecce,175000.0
almese,turin,715000.0
alpette,turin,137000.0
alta-valle-intelvi,como,530000.0
altare,savona,188000.0
altavilla-irpina,avellino,175000.0
altavilla-milicia,palermo,365000.0
altavilla-monferrato,alessandria,440000.0
altavilla-vicentina,vicenza,475000.0
altidona,fermo,169000.0
alto,cuneo,149000.0
alto-reno-terme,bologna,54000.0
altofonte,palermo,330000.0
altopascio,lucca,344500.0
alviano,terni,200000.0
alvito,frosinone,58500.0
alzano-lombardo,bergamo,309000.0
amandola,fermo,130000.0
amantea,cosenza,131500.0
amaseno,frosinone,60000.0
amato,catanzaro,200000.0
amatrice,rieti,55000.0
amblar-don,trento,430000.0
ameglia,la-spezia,750000.0
amelia,terni,190000.0
ameno,novara,220000.0
anagni,frosinone,500000.0
ancona,ancona,290999.5
andora,savona,550000.0
andrate,turin,38000.0
andreis,pordenone,33000.0
andretta,avellino,48000.0
andria,barletta-andria-trani,185000.0
angera,varese,49000.0
anghiari,arezzo,310000.0
angri,salerno,439500.0
anguillara-sabazia,rome,550000.0
annone-veneto,venice,290000.0
antey-saint-andre,aoste,690000.0
anzano-del-parco,como,650000.0
anzio,rome,480000.0
aosta,aoste,290000.0
apecchio,pesaro-and-urbino,305000.0
apiro,macerata,85000.0
appiano-gentile,como,760000.0
appignano,macerata,515000.0
appignano-del-tronto,ascoli-piceno,156900.0
apricale,imperia,127500.0
aquino,frosinone,160000.0
aradeo,lecce,130000.0
aragona,agrigento,354500.0
arba,pordenone,100000.0
arbus,south-sardinia,275000.0
arce,frosinone,165000.0
arcevia,ancona,210000.0
arcidosso,grosseto,400000.0
arcola,la-spezia,149000.0
ardea,rome,255000.0
ardesio,bergamo,120000.0
arenzano,genoa,462500.0
arezzo,arezzo,380000.0
argegno,como,600000.0
argenta,ferrara,164500.0
ari,chieti,80000.0
ariccia,rome,750000.0
arielli,chieti,60000.0
arignano,turin,500000.0
arizzano,verbano-cusio-ossola,720543.0
armeno,novara,262000.0
arnasco,savona,138000.0
arnesano,lecce,320000.0
arola,verbano-cusio-ossola,205000.0
arona,novara,520000.0
arpino,frosinone,180000.0
arquata-scrivia,alessandria,330000.0
arrone,terni,390000.0
arsie,belluno,163000.0
arsita,teramo,100000.0
arta-terme,udine,98000.0
artegna,udine,289000.0
artena,rome,223068.0
artogne,brescia,120000.0
arzachena,sassari,580000.0
arzana,nuoro,100000.0
arzergrande,padua,240000.0
arzignano,vicenza,980000.0
ascea,salerno,69000.0
asciano,siena,450000.0
ascoli-piceno,ascoli-piceno,139000.0
asolo,treviso,530000.0
assago,milan,595000.0
assisi,perugia,530000.0
asso,como,600000.0
asti,asti,385000.0
atessa,chieti,80000.0
atina,frosinone,128969.5
atri,teramo,230000.0
augusta,syracuse,98000.0
aulla,massa-carrara,165000.0
aurano,verbano-cusio-ossola,107000.0
auronzo-di-cadore,belluno,550000.0
avegno,genoa,600000.0
avetrana,taranto,74450.0
aviano,pordenone,159500.0
avigliana,turin,490000.0
avigliano-umbro,terni,314000.0
avise,aoste,121211.0
avola,syracuse,200000.0
aymavilles,aoste,610000.0
azzano-decimo,pordenone,355000.0
badalucco,imperia,80000.0
badolato,catanzaro,460000.0
bagheria,palermo,105500.0
bagnacavallo,ravenna,260000.0
bagnaria,pavia,265000.0
bagni-di-lucca,lucca,130000.0
bagno-a-ripoli,florence,880000.0
bagnoli-del-trigno,isernia,88000.0
bagnolo-mella,brescia,129000.0
bagnone,massa-carrara,112500.0
bagnoregio,viterbo,605000.0
bajardo,imperia,129000.0
baldissero-canavese,turin,57000.0
baldissero-torinese,turin,385000.0
balestrate,palermo,135000.0
baranello,campobasso,120000.0
barbarano-romano,viterbo,675000.0
barberino-di-mugello,florence,632635.5
barberino-tavarnelle,florence,450000.0
barcis,pordenone,117000.0
bardi,parma,150000.0
bardineto,savona,234500.0
bardolino,verona,842500.0
bardonecchia,turin,262000.0
barete,l-aquila,45000.0
barga,lucca,300000.0
bargagli,genoa,45000.0
bari,bari,390000.0
barisciano,l-aquila,78000.0
barlassina,monza-and-brianza,650000.0
barletta,barletta-andria-trani,165000.0
barzago,lecco,120000.0
basaluzzo,alessandria,199000.0
baschi,terni,300000.0
basiglio,milan,450000.0
bassano-romano,viterbo,214000.0
bastia-umbra,perugia,490000.0
baucina,palermo,249000.0
baveno,verbano-cusio-ossola,365000.0
bedizzole,brescia,499000.0
bee,verbano-cusio-ossola,535000.0
beinasco,turin,329000.0
beinette,cuneo,252500.0
belgirate,verbano-cusio-ossola,370000.0
bellagio,como,162500.0
bellano,lecco,299000.0
bellante,teramo,260000.0
bellaria-igea-marina,rimini,240000.0
bellinzago-novarese,novara,611146.0
belluno,belluno,292500.0
belmonte-calabro,cosenza,87000.0
belmonte-del-sannio,isernia,35000.0
belmonte-in-sabina,rieti,110000.0
belmonte-mezzagno,palermo,65000.0
belmonte-piceno,fermo,245000.0
belpasso,catania,127000.0
belvedere-langhe,cuneo,135000.0
belvedere-marittimo,cosenza,152000.0
belvedere-ostrense,ancona,115000.0
belveglio,asti,750000.0
berbenno-di-valtellina,sondrio,350000.0
berchidda,sassari,249000.0
bergamasco,alessandria,198000.0
bergamo,bergamo,524500.0
bernalda,matera,235000.0
bernezzo,cuneo,99000.0
besenello,trento,295000.0
bessude,sassari,52000.0
bettola,piacenza,600000.0
bettona,perugia,439000.0
bevagna,perugia,185000.0
beverino,la-spezia,515000.0
biancavilla,catania,123500.0
bibbiena,arezzo,420000.0
bibbona,livorno,364000.0
bibione,venice,199000.0
biella,biella,149000.0
bisaccia,avellino,66000.0
bisacquino,palermo,46500.0
bisceglie,barletta-andria-trani,149000.0
bistagno,alessandria,149500.0
bitonto,bari,750000.0
bitritto,bari,450000.0
blevio,como,880000.0
bocenago,trento,800000.0
bogliasco,genoa,640000.0
bojano,campobasso,225000.0
bologna,bologna,670000.0
bolognano,pescara,58000.0
bolsena,viterbo,499102.0
bolzano,bolzano,555000.0
bolzano-novarese,novara,350000.0
bomarzo,viterbo,320000.0
bondeno,ferrara,1000000.0
bondone,trento,60000.0
bonifati,cosenza,49000.0
bordighera,imperia,419000.0
borghetto-di-borbera,alessandria,79950.0
borghetto-di-vara,la-spezia,250000.0
borghetto-santo-spirito,savona,300000.0
borghi,forli-cesena,690000.0
borgio-verezzi,savona,980000.0
borgo-a-mozzano,lucca,110000.0
borgo-pace,pesaro-and-urbino,409500.0
borgo-san-dalmazzo,cuneo,226500.0
borgo-san-lorenzo,florence,619500.0
borgo-san-martino,alessandria,295000.0
borgo-ticino,novara,1000000.0
borgo-val-di-taro,parma,60000.0
borgo-valbelluna,belluno,250000.0
borgomaro,imperia,152000.0
borgonovo-val-tidone,piacenza,160000.0
borgosesia,vercelli,150000.0
bormida,savona,79000.0
borzonasca,genoa,89000.0
bosa,oristano,100000.0
bosaro,rovigo,350000.0
bosco-marengo,alessandria,255000.0
boscotrecase,naples,199000.0
bosia,cuneo,99000.0
botticino,brescia,375000.0
boves,cuneo,195000.0
boville-ernica,frosinone,220000.0
bra,cuneo,750000.0
bracciano,rome,301489.5
brandizzo,turin,157000.0
branzi,bergamo,230000.0
breda-di-piave,treviso,410000.0
breno,brescia,390000.0
brenzone,verona,744000.0
brezzo-di-bedero,varese,170000.0
briatico,vibo-valentia,212500.0
brienno,como,564500.0
brindisi,brindisi,224772.0
briosco,monza-and-brianza,145000.0
brisighella,ravenna,280000.0
brittoli,pescara,120000.0
broccostella,frosinone,245000.0
bronte,catania,101500.0
brosso,turin,105000.0
brovello-carpugnino,verbano-cusio-ossola,280000.0
brugherio,monza-and-brianza,385000.0
brunate,como,840000.0
bruno,asti,235000.0
bruzolo,turin,285000.0
buccheri,syracuse,44000.0
bucchianico,chieti,260000.0
bucine,arezzo,217500.0
budoni,sassari,360000.0
buggiano,pistoia,522500.0
buonconvento,siena,410000.0
buonvicino,cosenza,279000.0
burago-di-molgora,monza-and-brianza,900000.0
burgio,agrigento,69000.0
burolo,turin,55000.0
busalla,genoa,82000.0
busca,cuneo,90000.0
buscemi,syracuse,65000.0
buseto-palizzolo,trapani,105000.0
bussoleno,turin,220000.0
busto-arsizio,varese,322605.0
butera,caltanissetta,52500.0
buti,pisa,65000.0
buttigliera-d-asti,asti,650000.0
caccamo,palermo,280000.0
caderzone,trento,395000.0
caerano-di-san-marco,treviso,545000.0
cagli,pesaro-and-urbino,450000.0
cagliari,cagliari,425000.0
cairo-montenotte,savona,230000.0
calamandrana,asti,525000.0
calangianus,sassari,110000.0
calascibetta,enna,95000.0
calascio,l-aquila,181500.0
calasetta,south-sardinia,320000.0
calatabiano,catania,88321.0
calatafimi-segesta,trapani,129000.0
calci,pisa,605000.0
calcinaia,pisa,490000.0
calenzano,florence,624500.0
calimera,lecce,115000.0
calizzano,savona,128500.0
calliano,asti,110000.0
calliano,trento,239000.0
calolziocorte,lecco,197000.0
calosso,asti,275000.0
caltagirone,catania,73577.0
caltanissetta,caltanissetta,287500.0
calusco-d-adda,bergamo,130000.0
calvagese-della-riviera,brescia,549500.0
calvi-dell-umbria,terni,324500.0
camaiore,lucca,620000.0
camerana,cuneo,165000.0
camerano-casasco,asti,108500.0
camerino,macerata,350000.0
camino,alessandria,570000.0
camogli,genoa,550000.0
campagnano-di-roma,rome,534356.0
campagnatico,grosseto,620000.0
campello-sul-clitunno,perugia,397500.0
campertogno,vercelli,142500.0
campi-salentina,lecce,92500.0
campiglia-marittima,livorno,660000.0
campione-d-italia,como,690000.0
campli,teramo,150000.0
campo-di-giove,l-aquila,96000.0
campo-nell-elba,livorno,495000.0
campobasso,campobasso,853070.0
campobello-di-licata,agrigento,500000.0
campodarsego,padua,337500.0
campofelice-di-roccella,palermo,380000.0
campofilone,fermo,160000.0
campoformido,udine,695000.0
campoli-appennino,frosinone,190526.5
campomarino,taranto,84000.0
camporgiano,lucca,145000.0
camporosso,imperia,332000.0
camporotondo-di-fiastrone,macerata,237000.0
camporotondo-etneo,catania,130000.0
camugnano,bologna,70000.0
candia-canavese,turin,299000.0
canelli,asti,269000.0
canepina,viterbo,85000.0
caneva,pordenone,189000.0
canicattini-bagni,syracuse,90000.0
canino,viterbo,820000.0
canischio,turin,139000.0
cannara,perugia,207500.0
cannero-riviera,verbano-cusio-ossola,420000.0
cannobio,verbano-cusio-ossola,329000.0
cannole,lecce,207500.0
cantalupo-nel-sannio,isernia,136250.0
cantarana,asti,168000.0
cantiano,pesaro-and-urbino,189500.0
cantoira,turin,220000.0
cantu,como,318000.0
canzano,teramo,185000.0
caorle,venice,385000.0
capaccio-paestum,salerno,165000.0
capalbio,grosseto,365000.0
capannoli,pisa,220000.0
capannori,lucca,665000.0
capestrano,l-aquila,105000.0
capo-d-orlando,messina,270000.0
capoliveri,livorno,685000.0
caporciano,l-aquila,75000.0
capovalle,brescia,115000.0
cappadocia,l-aquila,326458.0
cappella-maggiore,treviso,455000.0
capranica,viterbo,219000.0
caprarica-di-lecce,lecce,145000.0
caprarola,viterbo,202000.0
caprese-michelangelo,arezzo,155000.0
capriata-d-orba,alessandria,49900.0
caprino-veronese,verona,285000.0
capua,caserta,325000.0
caramagna-piemonte,cuneo,645042.0
caramanico-terme,pescara,59000.0
carapelle-calvisio,l-aquila,110000.0
carasco,genoa,78521.5
carassai,ascoli-piceno,125000.0
carate-urio,como,645000.0
carbonera,treviso,298000.0
carcare,savona,135000.0
cardedu,nuoro,300000.0
careggine,lucca,260000.0
carignano,turin,830000.0
carini,palermo,275000.0
carlazzo,como,465000.0
carlentini,syracuse,75000.0
carlino,udine,199000.0
carloforte,south-sardinia,650000.0
carmignano,prato,690000.0
carnate,monza-and-brianza,130000.0
carolei,cosenza,329000.0
caronia,messina,78000.0
carovigno,brindisi,315000.0
carpenedolo,brescia,328938.0
carpeneto,alessandria,357500.0
carpignano-salentino,lecce,155000.0
carpineto-sinello,chieti,130000.0
carpino,foggia,70000.0
carrara,massa-carrara,544000.0
carro,la-spezia,59000.0
carrodano,la-spezia,175000.0
carru,cuneo,129000.0
cartosio,alessandria,170000.0
carugo,como,307500.0
carunchio,chieti,130000.0
casalanguida,chieti,45500.0
casalattico,frosinone,162000.0
casalbordino,chieti,105000.0
casalbore,avellino,380000.0
casale-marittimo,pisa,385000.0
casale-monferrato,alessandria,102500.0
casale-sul-sile,treviso,277000.0
casalincontrada,chieti,299000.0
casalmaggiore,cremona,350000.0
casalnoceto,alessandria,179000.0
casalvieri,frosinone,162500.0
casanova-lerrone,savona,137000.0
casaprota,rieti,102500.0
casarano,lecce,107000.0
casarza-ligure,genoa,195000.0
cascia,perugia,83000.0
casciana-terme-lari,pisa,298000.0
cascina,pisa,300000.0
caselette,turin,246000.0
casnate-con-bernate,como,695000.0
casola-in-lunigiana,massa-carrara,118500.0
casole-d-elsa,siena,410000.0
casoli,chieti,370000.0
casorzo,asti,165500.0
cassago-brianza,lecco,290000.0
cassano-allo-ionio,cosenza,99000.0
cassano-delle-murge,bari,350000.0
cassano-spinola,alessandria,40000.0
cassina-rizzardi,como,465500.0
cassinasco,asti,170000.0
cassinelle,alessandria,975000.0
cassino,frosinone,340000.0
castagneto-carducci,livorno,535000.0
castagnole-delle-lanze,asti,286000.0
castagnole-monferrato,asti,100000.0
castana,pavia,390000.0
castel-boglione,asti,650000.0
castel-castagna,teramo,61500.0
castel-del-monte,l-aquila,82500.0
castel-del-piano,grosseto,500000.0
castel-di-casio,bologna,59000.0
castel-di-ieri,l-aquila,40000.0
castel-di-judica,catania,49000.0
castel-di-lama,ascoli-piceno,499000.0
castel-focognano,arezzo,100000.0
castel-giorgio,terni,170000.0
castel-goffredo,mantua,314500.0
castel-rocchero,asti,101500.0
castel-san-giovanni,piacenza,600000.0
castel-san-lorenzo,salerno,70000.0
castel-san-niccolo,arezzo,154000.0
castel-san-pietro-terme,bologna,900000.0
castel-viscardo,terni,105000.0
castel-vittorio,imperia,105000.0
castelbellino,ancona,145000.0
castelbottaccio,campobasso,38000.0
castelcucco,treviso,590000.0
casteldaccia,palermo,370000.0
castelfidardo,ancona,209000.0
castelfranco-di-sotto,pisa,500000.0
castelfranco-piandisco,arezzo,400000.0
castelfranco-veneto,treviso,310000.0
castelgomberto,vicenza,985000.0
castelguglielmo,rovigo,72000.0
castell-alfero,asti,175000.0
castell-arquato,piacenza,380000.0
castellabate,salerno,210000.0
castellammare-del-golfo,trapani,313500.0
castellammare-di-stabia,naples,260000.0
castellamonte,turin,55000.0
castellana-grotte,bari,355000.0
castellaneta,taranto,350000.0
castellaro,imperia,500000.0
castelleone-di-suasa,ancona,155000.0
castelletto-d-orba,alessandria,420000.0
castelletto-molina,asti,120000.0
castelletto-sopra-ticino,novara,669500.0
castelletto-stura,cuneo,440000.0
castelli,teramo,64000.0
castelli-calepio,bergamo,422000.0
castellina-in-chianti,siena,505000.0
castellina-marittima,pisa,627500.0
castelliri,frosinone,90000.0
castello-di-annone,asti,165000.0
castello-tesino,trento,620000.0
castelmauro,campobasso,33000.0
castelmola,messina,230000.0
castelnovo-del-friuli,pordenone,320000.0
castelnuovo-belbo,asti,242500.0
castelnuovo-berardenga,siena,390000.0
castelnuovo-calcea,asti,175000.0
castelnuovo-cilento,salerno,280000.0
castelnuovo-del-garda,verona,549000.0
castelnuovo-di-ceva,cuneo,124000.0
castelnuovo-di-farfa,rieti,259000.0
castelnuovo-di-garfagnana,lucca,175250.0
castelnuovo-di-porto,rome,345000.0
castelnuovo-di-val-di-cecina,pisa,125000.0
castelnuovo-magra,la-spezia,1000000.0
castelnuovo-nigra,turin,36000.0
castelpetroso,isernia,850000.0
castelplanio,ancona,99000.0
castelraimondo,macerata,45000.0
castelsardo,sassari,185000.0
castelvecchio-subequo,l-aquila,55000.0
castelverrino,isernia,65000.0
castelvetrano,trapani,130000.0
castelvetro-di-modena,modena,650000.0
castiadas,south-sardinia,497500.0
castiglion-fibocchi,arezzo,330000.0
castiglion-fiorentino,arezzo,310000.0
castiglione-a-casauria,pescara,84000.0
castiglione-d-orcia,siena,650000.0
castiglione-dei-pepoli,bologna,159000.0
castiglione-del-lago,perugia,200000.0
castiglione-della-pescaia,grosseto,387500.0
castiglione-delle-stiviere,mantua,395000.0
castiglione-di-garfagnana,lucca,362500.0
castiglione-di-sicilia,catania,245000.0
castiglione-in-teverina,viterbo,118000.0
castiglione-messer-marino,chieti,61500.0
castiglione-messer-raimondo,teramo,220000.0
castiglione-tinella,cuneo,145000.0
castiglione-torinese,turin,529000.0
castignano,ascoli-piceno,187500.0
castilenti,teramo,139500.0
castions-di-strada,udine,185000.0
castorano,ascoli-piceno,190000.0
castri-di-lecce,lecce,78000.0
castrignano-de-greci,lecce,99500.0
castrignano-del-capo,lecce,340000.0
castro,lecce,300000.0
castrocaro-terme-e-terra-del-sole,forli-cesena,650000.0
castrocielo,frosinone,202000.0
castropignano,campobasso,85000.0
castrovillari,cosenza,89000.0
catania,catania,120000.0
cattolica,rimini,297000.0
cattolica-eraclea,agrigento,210000.0
cavagnolo,turin,277000.0
cavallino,lecce,138000.0
cavallino-treporti,venice,270000.0
cavallirio,novara,980000.0
cavatore,alessandria,535000.0
cavriana,mantua,299000.0
cavriglia,arezzo,295000.0
ceccano,frosinone,109156.0
cecina,livorno,520000.0
cefalu,palermo,310000.0
ceglie-messapica,brindisi,320000.0
celenza-sul-trigno,chieti,72000.0
cella-monte,alessandria,60000.0
celle-enomondo,asti,58000.0
cellino-attanasio,teramo,282500.0
cellino-san-marco,brindisi,157000.0
cellio-con-breia,vercelli,75000.0
cengio,savona,86500.0
cento,ferrara,650000.0
centola,salerno,210000.0
centro-valle-intelvi,como,230000.0
centuripe,enna,65000.0
cepagatti,pescara,630000.0
ceprano,frosinone,141000.0
cerami,enna,350000.0
ceregnano,rovigo,122500.0
ceresole-reale,turin,650000.0
cerete,bergamo,99000.0
ceriale,savona,164000.0
ceriana,imperia,135000.0
cernobbio,como,775000.0
cerreto-d-esi,ancona,123000.0
cerreto-di-spoleto,perugia,50000.0
cerreto-guidi,florence,299000.0
cerreto-laziale,rome,99000.0
cerrina-monferrato,alessandria,169000.0
certaldo,florence,320000.0
cervaro,frosinone,55000.0
cervia,ravenna,480000.0
cervo,imperia,480000.0
cesana-torinese,turin,521500.0
cesano-maderno,monza-and-brianza,359500.0
cesena,forli-cesena,380000.0
cesenatico,forli-cesena,243500.0
cesio,imperia,249000.0
cessalto,treviso,270000.0
cessole,asti,250000.0
cetona,siena,352500.0
cetraro,cosenza,82000.0
ceva,cuneo,155000.0
chianciano-terme,siena,270000.0
chianni,pisa,245000.0
chianocco,turin,265000.0
chiaramonte-gulfi,ragusa,97000.0
chiaramonti,sassari,170000.0
chiaravalle,ancona,273000.0
chiavari,genoa,750000.0
chiaverano,turin,300000.0
chieri,turin,467100.0
chiesa-in-valmalenco,sondrio,225000.0
chiesanuova,turin,65000.0
chiesina-uzzanese,pistoia,195000.0
chieti,chieti,185000.0
chioggia,venice,397500.0
chiusa-di-pesio,cuneo,365000.0
chiusa-di-san-michele,turin,195000.0
chiusa-sclafani,palermo,51500.0
chiusanico,imperia,74500.0
chiusdino,siena,240000.0
chiusi,siena,175000.0
chiusi-della-verna,arezzo,645000.0
ciampino,rome,440000.0
cianciana,agrigento,54000.0
cicagna,genoa,139000.0
cimadolmo,treviso,360000.0
ciminna,palermo,93000.0
cimolais,pordenone,111000.0
cingoli,macerata,210000.0
cinigiano,grosseto,460000.0
cinisi,palermo,135000.0
cinto-caomaggiore,venice,235000.0
ciorlano,caserta,210000.0
cipressa,imperia,174000.0
cirie,turin,195000.0
cisano-sul-neva,savona,145000.0
cison-di-valmarino,treviso,90000.0
cissone,cuneo,790000.0
cisterna-d-asti,asti,135000.0
cisternino,brindisi,220000.0
citerna,perugia,200000.0
citta-della-pieve,perugia,287500.0
citta-di-castello,perugia,255000.0
citta-sant-angelo,pescara,365000.0
cittaducale,rieti,255000.0
civezza,imperia,269000.0
civita-castellana,viterbo,229000.0
civitacampomarano,campobasso,82500.0
civitanova-del-sannio,isernia,35000.0
civitanova-marche,macerata,345000.0
civitavecchia,rome,714446.0
civitella-casanova,pescara,195000.0
civitella-d-agliano,viterbo,590000.0
civitella-del-tronto,teramo,500000.0
civitella-in-val-di-chiana,arezzo,615000.0
civitella-paganico,grosseto,440000.0
claino-con-osteno,como,583624.0
claut,pordenone,51500.0
clavesana,cuneo,99000.0
cocconato,asti,134000.0
cocullo,l-aquila,38000.0
codevilla,pavia,349000.0
codigoro,ferrara,124500.0
codogne,treviso,265000.0
cogne,aoste,610000.0
cogoleto,genoa,389500.0
cogorno,genoa,198000.0
colazza,novara,220000.0
colfelice,frosinone,90000.0
colico,lecco,480000.0
collazzone,perugia,179000.0
colle-di-val-d-elsa,siena,492500.0
colle-san-magno,frosinone,200000.0
collecorvino,pescara,112500.0
colledara,teramo,258105.5
colledimezzo,chieti,38000.0
collepasso,lecce,130000.0
collepietro,l-aquila,65000.0
colleretto-castelnuovo,turin,32000.0
collesalvetti,livorno,524500.0
collevecchio,rieti,389000.0
colli-al-metauro,pesaro-and-urbino,550000.0
colli-verdi,pavia,139000.0
colobraro,matera,150000.0
colonnella,teramo,455000.0
colonno,como,835000.0
comacchio,ferrara,399500.0
comano,massa-carrara,195000.0
comano-terme,trento,100000.0
comignago,novara,398000.0
comiso,ragusa,80000.0
como,como,560000.0
compiano,parma,75000.0
comunanza,ascoli-piceno,210000.0
conca-casale,isernia,33000.0
conegliano,treviso,455500.0
configni,rieti,68000.0
contigliano,rieti,159000.0
controguerra,teramo,240000.0
conversano,bari,547500.0
copertino,lecce,50000.0
copparo,ferrara,189500.0
corato,bari,587500.0
corbetta,milan,870000.0
corchiano,viterbo,83000.0
corciano,perugia,745000.0
cordenons,pordenone,185000.0
coreglia-antelminelli,lucca,160000.0
corigliano-d-otranto,lecce,650000.0
corinaldo,ancona,190000.0
corleone,palermo,45000.0
corleto-monforte,salerno,55000.0
cornaredo,milan,245000.0
cornate-d-adda,monza-and-brianza,293000.0
corniglia,la-spezia,690000.0
cornuda,treviso,650000.0
corridonia,macerata,120000.0
cortandone,asti,475000.0
cortemilia,cuneo,155000.0
cortiglione,asti,58000.0
cortina-d-ampezzo,belluno,675000.0
cortona,arezzo,480000.0
corvara,pescara,120000.0
cosenza,cosenza,175000.0
cossano-belbo,cuneo,950000.0
cossignano,ascoli-piceno,199000.0
costa-di-serina,bergamo,135000.0
costa-paradiso,sassari,325000.0
costa-volpino,bergamo,245000.0
costacciaro,perugia,149000.0
costermano-sul-garda,verona,415000.0
costigliole-d-asti,asti,166000.0
cravanzana,cuneo,285000.0
craveggia,verbano-cusio-ossola,290000.0
crecchio,chieti,195000.0
crema,cremona,474000.0
cremia,como,347000.0
cremolino,alessandria,155000.0
cremona,cremona,536325.0
crespina-lorenzana,pisa,650000.0
crespino,rovigo,59500.0
crispiano,taranto,170000.0
cuglieri,oristano,160000.0
cugnoli,pescara,249000.0
cumiana,turin,111642.0
cuneo,cuneo,280000.0
cunico,asti,45000.0
cuorgne,turin,312500.0
cupello,chieti,159000.0
cupra-marittima,ascoli-piceno,287500.0
cupramontana,ancona,151000.0
curno,bergamo,430000.0
cursi,lecce,159000.0
custonaci,trapani,195000.0
cutro,crotone,300000.0
cutrofiano,lecce,181263.5
dego,savona,110000.0
demonte,cuneo,75000.0
denice,alessandria,287500.0
dervio,lecco,390000.0
desenzano-del-garda,brescia,514500.0
diamante,cosenza,199000.0
diano-arentino,imperia,652500.0
diano-castello,imperia,221500.0
diano-d-alba,cuneo,220000.0
diano-marina,imperia,338000.0
diano-san-pietro,imperia,222000.0
dicomano,florence,395000.0
dignano,udine,195000.0
diso,lecce,350000.0
divignano,novara,350000.0
dizzasco,como,407500.0
dogliani,cuneo,250000.0
dogliola,chieti,165000.0
dogna,udine,45000.0
dolceacqua,imperia,290000.0
dolcedo,imperia,218000.0
domaso,como,360000.0
dongo,como,180000.0
dorgali,nuoro,120000.0
dorio,lecco,295000.0
dosso-del-liro,como,55000.0
doues,aoste,88000.0
drapia,vibo-valentia,295000.0
dubino,sondrio,450000.0
duino-aurisina,trieste,340000.0
duronia,campobasso,60000.0
elice,pescara,210000.0
elmas,cagliari,370000.0
empoli,florence,317500.0
enna,enna,104000.0
entracque,cuneo,120000.0
eppan-an-der-weinstrasse,bolzano,675000.0
eraclea,venice,240000.0
erba,como,645000.0
erice,trapani,400000.0
esanatoglia,macerata,500000.0
escolca,south-sardinia,79000.0
esperia,frosinone,79000.0
fabbriche-di-vergemoli,lucca,320000.0
fabriano,ancona,78000.0
fabrica-di-roma,viterbo,348500.0
fabro,terni,160000.0
faenza,ravenna,495000.0
faggeto-lario,como,580000.0
fagnano-alto,l-aquila,170000.0
falconara-albanese,cosenza,77000.0
falerna,catanzaro,60000.0
falerone,fermo,284000.0
fanano,modena,350000.0
fano,pesaro-and-urbino,494000.0
fara-san-martino,chieti,78500.0
fara-vicentino,vicenza,180000.0
farigliano,cuneo,119000.0
farindola,pescara,140000.0
farra-di-soligo,treviso,160000.0
fasano,brindisi,450000.0
fauglia,pisa,300000.0
favignana,trapani,530000.0
feletto,turin,55000.0
feltre,belluno,295000.0
ferentillo,terni,79000.0
ferentino,frosinone,490000.0
ferla,syracuse,45000.0
fermignano,pesaro-and-urbino,750000.0
fermo,fermo,350000.0
ferrandina,matera,65000.0
ferrara,ferrara,403500.0
ferrara-di-monte-baldo,verona,130000.0
fiamignano,rieti,35000.0
fiano,turin,149000.0
fiano-romano,rome,450000.0
fiastra,macerata,45000.0
ficarazzi,palermo,110000.0
ficarolo,rovigo,30924.0
ficulle,terni,120000.0
figline-e-incisa-valdarno,florence,980000.0
filacciano,rome,135000.0
filattiera,massa-carrara,85500.0
filignano,isernia,90000.0
filottrano,ancona,100000.0
finale-ligure,savona,780000.0
fino-mornasco,como,275000.0
firenzuola,florence,258000.0
fiscaglia,ferrara,171500.0
fisciano,salerno,700000.0
fiumalbo,modena,500000.0
fiume-veneto,pordenone,318000.0
fiumefreddo-bruzio,cosenza,230000.0
fiumefreddo-di-sicilia,catania,100000.0
fiumicino,rome,650000.0
fiuminata,macerata,48000.0
fivizzano,massa-carrara,140000.0
florence,florence,498000.0
floridia,syracuse,85000.0
flussio,oristano,224000.0
fobello,vercelli,550000.0
foggia,foggia,250000.0
foiano-della-chiana,arezzo,830000.0
foligno,perugia,250000.0
follo,la-spezia,65000.0
follonica,grosseto,422500.0
fondi,latina,150000.0
fontana-liri,frosinone,69500.0
fontanafredda,pordenone,150000.0
fontanile,asti,442280.5
fonte-nuova,rome,285000.0
fontecchio,l-aquila,74000.0
fontechiari,frosinone,86500.0
fonteno,bergamo,220000.0
foppolo,bergamo,61500.0
force,ascoli-piceno,120000.0
foresto-sparso,bergamo,559000.0
forgaria-nel-friuli,udine,80000.0
forli,forli-cesena,720000.0
formello,rome,540000.0
formia,latina,762500.0
fornace,trento,120000.0
forni-di-sopra,udine,435000.0
forno-canavese,turin,69000.0
forte-dei-marmi,lucca,820000.0
fosciandora,lucca,140000.0
fosdinovo,massa-carrara,199000.0
fossacesia,chieti,390000.0
fossalto,campobasso,75000.0
fossano,cuneo,800000.0
fossato-di-vico,perugia,100000.0
fosso,venice,159000.0
fossombrone,pesaro-and-urbino,395000.0
frabosa-soprana,cuneo,49500.0
frabosa-sottana,cuneo,114000.0
fraconalto,alessandria,118000.0
fragneto-monforte,benevento,219000.0
fraine,chieti,45000.0
francavilla-al-mare,chieti,375000.0
francavilla-bisio,alessandria,234594.0
francavilla-d-ete,fermo,200000.0
francavilla-di-sicilia,messina,220000.0
francavilla-fontana,brindisi,285000.0
francavilla-marittima,cosenza,270000.0
francofonte,syracuse,60000.0
frascineto,cosenza,49000.0
frassineto-po,alessandria,136981.0
frassino,cuneo,150000.0
fratta-todina,perugia,315000.0
fratte-rosa,pesaro-and-urbino,235000.0
fresagrandinaria,chieti,67000.0
frinco,asti,125000.0
frisanco,pordenone,45000.0
frosinone,frosinone,169000.0
fucecchio,florence,557500.0
fumane,verona,525000.0
furci,chieti,102500.0
furci-siculo,messina,140000.0
gabiano,alessandria,191500.0
gabicce-mare,pesaro-and-urbino,180000.0
gaeta,latina,647000.0
gaggi,messina,60000.0
gaggiano,milan,485000.0
gaggio-montano,bologna,155000.0
gaglianico,biella,69500.0
gagliano-aterno,l-aquila,59950.0
gagliano-del-capo,lecce,859500.0
gagliole,macerata,180000.0
gaiarine,treviso,180000.0
gaiole-in-chianti,siena,326400.0
galatina,lecce,260000.0
galatone,lecce,245000.0
galatro,reggio-calabria,400000.0
galbiate,lecco,770000.0
galeata,forli-cesena,240000.0
gallicano,lucca,103500.0
gallinaro,frosinone,150000.0
gallio,vicenza,659200.0
gallipoli,lecce,375000.0
galtelli,nuoro,260000.0
gambassi-terme,florence,595000.0
gambugliano,vicenza,249000.0
gandellino,bergamo,69000.0
gangi,palermo,95000.0
garda,verona,530000.0
gardone-riviera,brescia,440000.0
gargnano,brescia,507500.0
garlenda,savona,272500.0
garzeno,como,105000.0
gavardo,brescia,307859.5
gavi,alessandria,197000.0
gavorrano,grosseto,272500.0
gazzaniga,bergamo,189000.0
gazzola,piacenza,450000.0
gela,caltanissetta,80000.0
genazzano,rome,200000.0
genga,ancona,109000.0
genoa,genoa,228000.0
genzano-di-roma,rome,397500.0
gera-lario,como,255000.0
geraci-siculo,palermo,30000.0
ghemme,novara,289000.0
ghiffa,verbano-cusio-ossola,600000.0
ghilarza,oristano,145000.0
giano-dell-umbria,perugia,48000.0
giardini-naxos,messina,74900.0
giarratana,ragusa,70000.0
giarre,catania,122000.0
gignese,verbano-cusio-ossola,80000.0
gignod,aoste,195000.0
ginosa,taranto,155000.0
gioiosa-marea,messina,155000.0
giove,terni,195000.0
gissi,chieti,75000.0
giugliano-in-campania,naples,139000.0
giuliana,palermo,45000.0
giuliano-teatino,chieti,325000.0
giulianova,teramo,255125.0
giungano,salerno,750000.0
giussago,pavia,430000.0
giustenice,savona,396000.0
giusvalla,savona,125000.0
gizzeria,catanzaro,116500.0
godega-di-sant-urbano,treviso,190000.0
goito,mantua,494500.0
golfo-aranci,sassari,362500.0
gonzaga,mantua,498000.0
gorgo-al-monticano,treviso,328000.0
gorizia,gorizia,1000000.0
gorno,bergamo,74500.0
goro,ferrara,315000.0
gorreto,genoa,145000.0
gorzegno,cuneo,197500.0
govone,cuneo,255000.0
grado,gorizia,350000.0
grammichele,catania,99500.0
grana,asti,50000.0
grandola-ed-uniti,como,370000.0
graniti,messina,350000.0
grassano,matera,150000.0
grassobbio,bergamo,300480.0
gratteri,palermo,99000.0
gravedona-ed-uniti,como,185000.0
gravellona-toce,verbano-cusio-ossola,470000.0
gravina-di-catania,catania,121500.0
gravina-in-puglia,bari,674500.0
grazzano-badoglio,asti,182500.0
gressoney-saint-jean,aoste,880000.0
greve-in-chianti,florence,502500.0
griante,como,387500.0
grignasco,novara,325000.0
grisignano-di-zocco,vicenza,214500.0
grisolia,cosenza,54000.0
grizzana-morandi,bologna,245000.0
gromo,bergamo,115000.0
grosseto,grosseto,570000.0
grottaglie,taranto,284500.0
grottammare,ascoli-piceno,484500.0
grottazzolina,fermo,210000.0
grotte-di-castro,viterbo,209000.0
gruaro,venice,195000.0
grugliasco,turin,149000.0
grumo-appula,bari,41587.0
gualdo,macerata,220000.0
gualdo-cattaneo,perugia,227500.0
gualdo-tadino,perugia,119000.0
guarcino,frosinone,58000.0
guardea,terni,123500.0
guardia-piemontese,cosenza,64500.0
guardiagrele,chieti,465000.0
guardialfiera,campobasso,100000.0
guardiaregia,campobasso,90000.0
guardistallo,pisa,530000.0
gubbio,perugia,364500.0
guglionesi,campobasso,290000.0
guidizzolo,mantua,250000.0
guidonia-montecelio,rome,410000.0
guilmi,chieti,66500.0
iesi,ancona,125000.0
iglesias,south-sardinia,120000.0
igliano,cuneo,175000.0
imperia,imperia,372500.0
impruneta,florence,950000.0
incisa-scapaccino,asti,250000.0
intragna,verbano-cusio-ossola,120000.0
introbio,lecco,720000.0
inverigo,como,129000.0
invorio,novara,765000.0
ischia,naples,720000.0
ischia-di-castro,viterbo,177500.0
ischitella,foggia,61000.0
iseo,brescia,840000.0
isera,trento,602500.0
isola-d-asti,asti,86000.0
isola-del-cantone,genoa,630000.0
isola-del-gran-sasso-d-italia,teramo,83000.0
isola-del-liri,frosinone,159000.0
isola-delle-femmine,palermo,435000.0
isola-di-capo-rizzuto,crotone,820000.0
isola-filicudi,messina,560000.0
isolabona,imperia,110000.0
ispani,salerno,145000.0
ispica,ragusa,199500.0
issiglio,turin,58000.0
istrana,treviso,275000.0
ivrea,turin,202500.0
jerzu,nuoro,100000.0
jesolo,venice,399000.0
jolanda-di-savoia,ferrara,138500.0
joppolo,vibo-valentia,280000.0
l-aquila,l-aquila,350000.0
la-maddalena,sassari,240000.0
la-morra,cuneo,572500.0
la-salle,aoste,280000.0
la-spezia,la-spezia,170000.0
laglio,como,460000.0
laigueglia,savona,330000.0
lajatico,pisa,265000.0
lamezia-terme,catanzaro,650000.0
lamporecchio,pistoia,347500.0
lanciano,chieti,165000.0
lanzo-torinese,turin,131000.0
lapedona,fermo,685000.0
larciano,pistoia,394500.0
lariano,rome,126894.0
larino,campobasso,280000.0
lastra-a-signa,florence,700000.0
laterina-pergine-valdarno,arezzo,330000.0
laterza,taranto,490000.0
latiano,brindisi,420000.0
latina,latina,185000.0
latisana,udine,450000.0
lavagna,genoa,395000.0
lavagno,verona,259000.0
lavena-ponte-tresa,varese,685000.0
laveno-mombello,varese,595000.0
lavenone,brescia,52000.0
lazise,verona,515000.0
lazzate,monza-and-brianza,286500.0
lecce,lecce,398000.0
lecco,lecco,450000.0
leivi,genoa,435000.0
lendinara,rovigo,75000.0
lenna,bergamo,78000.0
lentate-sul-seveso,monza-and-brianza,470000.0
lentini,syracuse,106500.0
leonessa,rieti,210000.0
leonforte,enna,89000.0
leporano,taranto,290000.0
lequile,lecce,730000.0
lerici,la-spezia,630000.0
lesa,novara,395000.0
lesegno,cuneo,60000.0
lesina,foggia,64500.0
letojanni,messina,260000.0
lettomanoppello,pescara,125000.0
levanto,la-spezia,550000.0
leverano,lecce,180000.0
levice,cuneo,130000.0
licciana-nardi,massa-carrara,179500.0
licodia-eubea,catania,127500.0
lierna,lecco,475000.0
lignano-sabbiadoro,udine,537500.0
limena,padua,325000.0
limone-piemonte,cuneo,320000.0
limosano,campobasso,56000.0
linguaglossa,catania,144000.0
lipari,messina,590000.0
lipomo,como,480000.0
lisciano-niccone,perugia,430000.0
livigno,sondrio,380000.0
livorno,livorno,490000.0
lizzanello,lecce,250000.0
lizzano,taranto,137000.0
loano,savona,281000.0
loazzolo,asti,78000.0
locana,turin,150000.0
locorotondo,bari,270000.0
loiano,bologna,110000.0
loiri-porto-san-paolo,sassari,720000.0
lomagna,lecco,540000.0
lonato-del-garda,brescia,399000.0
longare,vicenza,89000.0
longobardi,cosenza,120000.0
longone-al-segrino,como,590000.0
lonigo,vicenza,870000.0
loreto,ancona,217000.0
loreto-aprutino,pescara,265000.0
loro-ciuffenna,arezzo,235017.0
loro-piceno,macerata,235000.0
lotzorai,nuoro,340000.0
lovere,bergamo,245000.0
lozio,brescia,35000.0
lucca,lucca,597500.0
lucera,foggia,980000.0
lucignano,arezzo,260000.0
lugnano-in-teverina,terni,170000.0
luino,varese,285000.0
lumarzo,genoa,69000.0
luni,la-spezia,232000.0
luogosanto,sassari,650000.0
maccagno-con-pino-e-veddasca,varese,305000.0
macchiagodena,isernia,40000.0
macerata,macerata,194000.0
macerata-feltria,pesaro-and-urbino,50000.0
mafalda,campobasso,40000.0
magione,perugia,277500.0
magliano-alpi,cuneo,34900.0
magliano-di-tenna,fermo,300000.0
magliano-in-toscana,grosseto,590000.0
magliano-sabina,rieti,399000.0
maglie,lecce,235000.0
magliolo,savona,200000.0
magomadas,oristano,280000.0
magreglio,como,365000.0
maida,catanzaro,168000.0
maiera,cosenza,121500.0
maiolati-spontini,ancona,210000.0
malcesine,verona,570000.0
maletto,catania,42000.0
malfa,messina,450000.0
malvicino,alessandria,120000.0
manciano,grosseto,550000.0
mandatoriccio,cosenza,300000.0
mandello-del-lario,lecco,275000.0
manduria,taranto,230000.0
manerba-del-garda,brescia,598000.0
mango,cuneo,100000.0
mangone,cosenza,690000.0
maniago,pordenone,127500.0
manoppello,pescara,41500.0
mantello,sondrio,200000.0
mantua,mantua,597500.0
manziana,rome,690000.0
maracalagonis,cagliari,532500.0
maratea,potenza,925000.0
marcaria,mantua,265000.0
marciana,livorno,437500.0
marciana-marina,livorno,450000.0
marciano-della-chiana,arezzo,775000.0
marcon,venice,276500.0
marentino,turin,139000.0
marino,rome,700000.0
marone,brescia,440000.0
marsala,trapani,295000.0
marsciano,perugia,185000.0
marsicovetere,potenza,670000.0
marta,viterbo,219000.0
martano,lecce,110000.0
martina-franca,taranto,244500.0
martirano-lombardo,catanzaro,135000.0
maruggio,taranto,200000.0
marzabotto,bologna,980000.0
mascali,catania,95000.0
mascalucia,catania,232500.0
maserada-sul-piave,treviso,195000.0
masio,alessandria,110000.0
maslianico,como,427500.0
massa,massa-carrara,470000.0
massa-e-cozzile,pistoia,695000.0
massa-fermana,fermo,193000.0
massa-marittima,grosseto,260000.0
massa-martana,perugia,84500.0
massafra,taranto,270000.0
massanzago,padua,295000.0
massarosa,lucca,645000.0
masserano,biella,39000.0
massignano,ascoli-piceno,200000.0
massimeno,trento,345000.0
massino-visconti,novara,675000.0
matelica,macerata,150000.0
matera,matera,455000.0
matino,lecce,148500.0
mazara-del-vallo,trapani,278000.0
mazzano-romano,rome,97000.0
mazzarino,caltanissetta,75000.0
mazzin,trento,790000.0
mede,pavia,62500.0
medole,mantua,324000.0
meduna-di-livenza,treviso,310000.0
meina,novara,465000.0
melazzo,alessandria,275000.0
mele,genoa,150000.0
melegnano,milan,169000.0
melendugno,lecce,162500.0
melilli,syracuse,97000.0
melissano,lecce,53000.0
melizzano,benevento,280000.0
menaggio,como,595000.0
menfi,agrigento,417500.0
merana,alessandria,210000.0
mercatello-sul-metauro,pesaro-and-urbino,750000.0
mercatino-conca,pesaro-and-urbino,80000.0
mergo,ancona,895000.0
mergozzo,verbano-cusio-ossola,295000.0
mesagne,brindisi,211500.0
mesenzana,varese,850000.0
messina,messina,187000.0
mezzenile,turin,129000.0
mezzolombardo,trento,545000.0
miggiano,lecce,145000.0
miglianico,chieti,220000.0
milan,milan,630000.0
mileto,vibo-valentia,50000.0
militello-in-val-di-catania,catania,88500.0
millesimo,savona,186500.0
milo,catania,550000.0
mineo,catania,47500.0
minerbio,bologna,390000.0
minervino-di-lecce,lecce,149000.0
minervino-murge,barletta-andria-trani,362500.0
minucciano,lucca,95000.0
mioglia,savona,158000.0
mira,venice,750000.0
mirabella-imbaccari,catania,115000.0
misano-adriatico,rimini,975000.0
misilmeri,palermo,138000.0
misterbianco,catania,135000.0
mistretta,messina,115000.0
modena,modena,980000.0
modica,ragusa,150000.0
mogliano,macerata,120000.0
mogliano-veneto,treviso,640000.0
mogoro,oristano,190000.0
mola-di-bari,bari,297000.0
molare,alessandria,580000.0
molazzana,lucca,198000.0
molina-aterno,l-aquila,225000.0
molini-di-triora,imperia,225000.0
mollia,vercelli,290000.0
molten,bolzano,432000.0
moltrasio,como,290000.0
mombarcaro,cuneo,182000.0
mombaruzzo,asti,250000.0
mombasiglio,cuneo,65000.0
mombello-monferrato,alessandria,126500.0
mombercelli,asti,139000.0
monale,asti,280000.0
monastero-bormida,asti,180000.0
monasterolo-del-castello,bergamo,275000.0
monastier-di-treviso,treviso,450000.0
moncalieri,turin,198000.0
moncalvo,asti,260000.0
monchiero,cuneo,437500.0
monchio-delle-corti,parma,120000.0
moncucco-torinese,asti,600000.0
mondaino,rimini,127500.0
mondavio,pesaro-and-urbino,550000.0
mondolfo,pesaro-and-urbino,280000.0
mondovi,cuneo,346423.0
moneglia,genoa,575000.0
monesiglio,cuneo,85000.0
monforte-d-alba,cuneo,249000.0
mongardino,asti,450000.0
moniga-del-garda,brescia,667500.0
monleale,alessandria,370000.0
monopoli,bari,307500.0
monreale,palermo,223500.0
monsampietro-morico,fermo,58500.0
monsampolo-del-tronto,ascoli-piceno,315000.0
monsummano-terme,pistoia,715000.0
monta,cuneo,85000.0
montabone,asti,270000.0
montafia,asti,288000.0
montagnareale,messina,450000.0
montaione,florence,339000.0
montalcino,siena,320000.0
montaldo-di-mondovi,cuneo,255000.0
montaldo-scarampi,asti,55000.0
montale,pistoia,350000.0
montallegro,agrigento,890000.0
montalto-carpasio,imperia,105000.0
montalto-delle-marche,ascoli-piceno,170000.0
montalto-di-castro,viterbo,339000.0
montan,bolzano,484000.0
montappone,fermo,249500.0
montasola,rieti,82500.0
montazzoli,chieti,34000.0
monte-argentario,grosseto,610000.0
monte-castello-di-vibio,perugia,295000.0
monte-cavallo,macerata,45000.0
monte-cerignone,pesaro-and-urbino,180000.0
monte-giberto,fermo,65000.0
monte-isola,brescia,700000.0
monte-porzio,pesaro-and-urbino,125000.0
monte-rinaldo,fermo,332500.0
monte-roberto,ancona,145000.0
monte-san-giovanni-campano,frosinone,110000.0
monte-san-giusto,macerata,124500.0
monte-san-martino,macerata,99000.0
monte-san-pietrangeli,fermo,107000.0
monte-san-pietro,bologna,109000.0
monte-san-savino,arezzo,205000.0
monte-sant-angelo,foggia,94000.0
monte-santa-maria-tiberina,perugia,510000.0
montebello-di-bertona,pescara,200000.0
montebelluna,treviso,362500.0
montebuono,rieti,174000.0
montecarlo,lucca,520000.0
montecarotto,ancona,240000.0
montecassiano,macerata,645000.0
montecastrilli,terni,750000.0
montecatini-terme,pistoia,380000.0
montecatini-val-di-cecina,pisa,194000.0
montecchio,terni,250000.0
montecchio-emilia,reggio-emilia,315000.0
montechiaro-d-acqui,alessandria,190000.0
montechiaro-d-asti,asti,118338.0
montecorice,salerno,690000.0
montecosaro,macerata,250000.0
montedinove,ascoli-piceno,195000.0
montefalco,perugia,105000.0
montefalcone-appennino,fermo,109500.0
montefano,macerata,364500.0
montefelcino,pesaro-and-urbino,350000.0
montefiascone,viterbo,95000.0
montefino,teramo,67000.0
montefiore-conca,rimini,340000.0
montefiore-dell-aso,ascoli-piceno,440000.0
montefortino,fermo,125000.0
montefranco,terni,181277.0
montegabbione,terni,225000.0
montegalda,vicenza,419000.0
montegallo,ascoli-piceno,160000.0
montegiorgio,fermo,250000.0
montegranaro,fermo,450000.0
montegridolfo,rimini,325000.0
montegrosso-d-asti,asti,117000.0
montegrotto-terme,padua,357500.0
montelabbate,pesaro-and-urbino,635612.0
monteleone-d-orvieto,terni,117000.0
monteleone-di-fermo,fermo,467500.0
monteleone-sabino,rieti,790000.0
montelepre,palermo,237000.0
montelparo,fermo,294500.0
montelupo-fiorentino,florence,267500.0
montelupone,macerata,215000.0
montemagno,asti,55000.0
montemonaco,ascoli-piceno,55000.0
montemurlo,prato,692500.0
montenero-di-bisaccia,campobasso,247500.0
monteodorisio,chieti,152500.0
monteprandone,ascoli-piceno,350000.0
montepulciano,siena,365000.0
monterchi,arezzo,287000.0
montereale,l-aquila,125000.0
montereale-valcellina,pordenone,155000.0
monterenzio,bologna,430000.0
monteriggioni,siena,420000.0
monteroni-d-arbia,siena,655000.0
monteroni-di-lecce,lecce,173000.0
monterosi,viterbo,360000.0
monterosso-al-mare,la-spezia,820000.0
monterosso-almo,ragusa,41317.0
monterotondo,rome,212500.0
monterotondo-marittimo,grosseto,595000.0
monterubbiano,fermo,60000.0
montesano-salentino,lecce,210000.0
montescudaio,pisa,322500.0
montescudo-monte-colombo,rimini,139000.0
montesilvano,pescara,268000.0
montespertoli,florence,330000.0
montevarchi,arezzo,280000.0
monteverdi-marittimo,pisa,980000.0
montezemolo,cuneo,110000.0
monticiano,siena,95000.0
montieri,grosseto,640000.0
montiglio-monferrato,asti,57000.0
montignoso,massa-carrara,460000.0
montone,perugia,630000.0
montopoli-di-sabina,rieti,85000.0
montopoli-in-val-d-arno,pisa,287500.0
montoro,avellino,950000.0
montottone,fermo,185000.0
monza,monza-and-brianza,598000.0
monzambano,mantua,491500.0
monzuno,bologna,400000.0
morbegno,sondrio,570000.0
morbello,alessandria,140000.0
morciano-di-leuca,lecce,185000.0
moresco,fermo,300000.0
morgano,treviso,375000.0
morgex,aoste,349000.0
mori,trento,308000.0
moricone,rome,110000.0
morlupo,rome,130000.0
mormanno,cosenza,204500.0
morolo,frosinone,149000.0
morro-reatino,rieti,290000.0
morrovalle,macerata,180000.0
moruzzo,udine,599000.0
mosciano-sant-angelo,teramo,229500.0
moscufo,pescara,187500.0
motta-d-affermo,messina,40000.0
motta-di-livenza,treviso,292500.0
motta-sant-anastasia,catania,119000.0
motta-visconti,milan,499000.0
muccia,macerata,230000.0
muggia,trieste,450000.0
mulazzo,massa-carrara,165000.0
muravera,south-sardinia,170000.0
murazzano,cuneo,199000.0
murialdo,savona,60000.0
murisengo,alessandria,148000.0
murlo,siena,452500.0
musile-di-piave,venice,360000.0
musso,como,275000.0
nago-torbole,trento,465000.0
naples,naples,467500.0
nardo,lecce,269500.0
narni,terni,155000.0
naro,agrigento,245000.0
narzole,cuneo,500000.0
naso,messina,320000.0
naturns,bolzano,495000.0
navelli,l-aquila,52500.0
nazzano,rome,300000.0
ne,genoa,35000.0
nebbiuno,novara,180000.0
neive,cuneo,198000.0
nembro,bergamo,390000.0
nepi,viterbo,630000.0
nerola,rome,80000.0
nesso,como,595000.0
nettuno,rome,210000.0
neviano,lecce,124000.0
neviglie,cuneo,285000.0
nichelino,turin,380000.0
nicolosi,catania,129000.0
nicosia,enna,218000.0
nicotera,vibo-valentia,330000.0
niella-belbo,cuneo,290000.0
niscemi,caltanissetta,110000.0
nizza-monferrato,asti,300000.0
noale,venice,270976.0
nocciano,pescara,350000.0
nocera-inferiore,salerno,260000.0
nocera-terinese,catanzaro,203933.0
nocera-umbra,perugia,88500.0
noci,bari,330000.0
nociglia,lecce,142000.0
noicattaro,bari,680000.0
noli,savona,557600.0
nonantola,modena,108000.0
nonio,verbano-cusio-ossola,390000.0
norcia,perugia,200000.0
notaresco,teramo,79000.0
noto,syracuse,280000.0
novate-mezzola,sondrio,215000.0
noventa-di-piave,venice,379000.0
novi-di-modena,modena,790000.0
novi-ligure,alessandria,175000.0
novoli,lecce,399000.0
numana,ancona,270000.0
nuoro,nuoro,240000.0
nuvolento,brescia,286000.0
nuxis,south-sardinia,655000.0
odalengo-grande,alessandria,75000.0
oderzo,treviso,365000.0
odolo,brescia,95000.0
ofena,l-aquila,35000.0
offagna,ancona,327500.0
offida,ascoli-piceno,330000.0
oggebbio,verbano-cusio-ossola,664500.0
oggiono,lecco,930000.0
ogliastro-cilento,salerno,225000.0
olbia,sassari,520000.0
oleggio-castello,novara,650000.0
olgiate-comasco,como,250000.0
oliena,nuoro,192500.0
oliveto-lario,lecco,490000.0
olivetta-san-michele,imperia,125000.0
olmedo,sassari,360000.0
omegna,verbano-cusio-ossola,310000.0
onano,viterbo,342500.0
oneta,bergamo,169000.0
oppeano,verona,202880.0
orbassano,turin,395000.0
orbetello,grosseto,620000.0
orciano-pisano,pisa,195000.0
orco-feglino,savona,475000.0
oria,brindisi,155950.0
orio-litta,lodi,280000.0
ormelle,treviso,180000.0
ornavasso,verbano-cusio-ossola,980000.0
orosei,nuoro,274000.0
orria,salerno,55000.0
orsara-bormida,alessandria,85000.0
orsomarso,cosenza,78000.0
orta-san-giulio,novara,520000.0
orte,viterbo,450000.0
ortelle,lecce,560000.0
ortezzano,fermo,60000.0
ortignano-raggiolo,arezzo,280000.0
ortona,chieti,255000.0
ortona-dei-marsi,l-aquila,50000.0
orvieto,terni,285000.0
orzinuovi,brescia,379000.0
oschiri,sassari,144000.0
osiglia,savona,85000.0
osimo,ancona,175000.0
ospedaletti,imperia,635000.0
ostra-vetere,ancona,280000.0
ostuni,brindisi,360000.0
otricoli,terni,160000.0
ottiglio,alessandria,30000.0
ovada,alessandria,145000.0
ovindoli,l-aquila,81000.0
ozegna,turin,339000.0
ozieri,sassari,130000.0
pachino,syracuse,147500.0
paciano,perugia,215000.0
padenghe-sul-garda,brescia,670000.0
paderno-dugnano,milan,287000.0
padria,sassari,40000.0
padua,padua,360000.0
paduli,benevento,580000.0
paese,treviso,360000.0
paganico-sabino,rieti,150000.0
paglieta,chieti,39500.0
palaia,pisa,330000.0
palata,campobasso,79500.0
palau,sassari,329500.0
palazzago,bergamo,249000.0
palazzo-adriano,palermo,49000.0
palazzolo-acreide,syracuse,120000.0
palazzolo-dello-stella,udine,420000.0
palazzolo-vercellese,vercelli,290000.0
palena,chieti,55000.0
palermo,palermo,172500.0
palestrina,rome,319000.0
paliano,frosinone,260000.0
palinuro,salerno,198500.0
palizzi,reggio-calabria,967647.0
pallanza,verbano-cusio-ossola,520000.0
palma-di-montechiaro,agrigento,515000.0
palmariggi,lecce,80000.0
palmas-arborea,oristano,320000.0
palmoli,chieti,107000.0
palombaro,chieti,194000.0
paluzza,udine,35000.0
panicale,perugia,195000.0
pantelleria,trapani,360000.0
papasidero,cosenza,47000.0
parabita,lecce,380000.0
paratico,brescia,290000.0
pareto,alessandria,95000.0
parghelia,vibo-valentia,189500.0
paroldo,cuneo,290000.0
parrano,terni,297000.0
parre,bergamo,229000.0
partinico,palermo,125000.0
parzanica,bergamo,125000.0
pasiano-di-pordenone,pordenone,265000.0
passignano-sul-trasimeno,perugia,445000.0
passirano,brescia,485000.0
pastrengo,verona,590000.0
pasturana,alessandria,450000.0
paterno,potenza,90000.0
patrica,frosinone,132500.0
patu,lecce,360000.0
peccioli,pisa,177000.0
pecetto-torinese,turin,179000.0
pedara,catania,239000.0
pederobba,treviso,520000.0
peglio,pesaro-and-urbino,95000.0
pelago,florence,285000.0
pella,novara,520000.0
penango,asti,150000.0
penna-in-teverina,terni,45000.0
penna-san-giovanni,macerata,210000.0
pennabilli,rimini,980000.0
pennapiedimonte,chieti,40000.0
penne,pescara,128500.0
perano,chieti,48000.0
perarolo-di-cadore,belluno,900000.0
perdasdefogu,nuoro,50000.0
pergine-valsugana,trento,500000.0
pergola,pesaro-and-urbino,250000.0
perinaldo,imperia,160000.0
perledo,lecco,600000.0
perlo,cuneo,55000.0
perosa-argentina,turin,250000.0
pertica-bassa,brescia,42000.0
perugia,perugia,450000.0
pesaro,pesaro-and-urbino,350000.0
pescaglia,lucca,150000.0
pescara,pescara,570000.0
peschiera-del-garda,verona,490000.0
pescia,pistoia,375000.0
pesco-sannita,benevento,160000.0
pescocostanzo,l-aquila,410000.0
pescolanciano,isernia,135000.0
pescosolido,frosinone,92500.0
pessinetto,turin,83500.0
petacciato,campobasso,363000.0
petralia-soprana,palermo,89000.0
petrella-salto,rieti,310000.0
petritoli,fermo,190000.0
pettenasco,novara,108000.0
pettoranello-del-molise,isernia,78000.0
pettorano-sul-gizio,l-aquila,35000.0
peveragno,cuneo,294500.0
pezzolo-valle-uzzone,cuneo,140000.0
piacenza,piacenza,370000.0
pian-camuno,brescia,382000.0
piana-crixia,savona,120000.0
pianella,pescara,139500.0
pianello-del-lario,como,750000.0
pianello-val-tidone,piacenza,450000.0
pianezza,turin,215000.0
pianico,bergamo,300000.0
piano-di-sorrento,naples,990000.0
pianoro,bologna,430000.0
piazza-al-serchio,lucca,250000.0
piazza-armerina,enna,180000.0
picciano,pescara,64500.0
picinisco,frosinone,60000.0
pico,frosinone,75000.0
piedimonte-etneo,catania,114500.0
piegaro,perugia,148000.0
pienza,siena,645000.0
pietra-marazzi,alessandria,750000.0
pietrabbondante,isernia,65000.0
pietrabruna,imperia,87000.0
pietralunga,perugia,399500.0
pietranico,pescara,295000.0
pietrasanta,lucca,742500.0
pieve-a-nievole,pistoia,145000.0
pieve-d-olmi,cremona,169000.0
pieve-di-bono-prezzo,trento,125000.0
pieve-di-teco,imperia,35000.0
pieve-fosciana,lucca,172500.0
pieve-ligure,genoa,390000.0
pieve-santo-stefano,arezzo,300000.0
pieve-torina,macerata,85000.0
piglio,frosinone,104000.0
pigna,imperia,175000.0
pignataro-interamna,frosinone,77000.0
pignola,potenza,750000.0
pila,aoste,280000.0
pinerolo,turin,309500.0
pineto,teramo,435000.0
pino-d-asti,asti,189500.0
pino-torinese,turin,460000.0
pinzano-al-tagliamento,pordenone,109000.0
pinzolo,trento,497500.0
piobbico,pesaro-and-urbino,245000.0
piode,vercelli,590000.0
piombino,livorno,390000.0
piovene-rocchette,vicenza,375000.0
pisa,pisa,525000.0
pisano,novara,487000.0
pisciotta,salerno,214000.0
pisogne,brescia,735500.0
pisticci,matera,149500.0
pistoia,pistoia,395000.0
pitigliano,grosseto,494000.0
piubega,mantua,196000.0
pizzo,vibo-valentia,220000.0
pizzoli,l-aquila,195000.0
plesio,como,194500.0
plodio,savona,134500.0
podenzana,massa-carrara,299000.0
podenzano,piacenza,770000.0
poggiardo,lecce,585000.0
poggibonsi,siena,276500.0
poggio-mirteto,rieti,350000.0
poggio-moiano,rieti,165000.0
poggio-nativo,rieti,250000.0
poggio-san-lorenzo,rieti,450000.0
poggio-sannita,isernia,40000.0
pognana-lario,como,650000.0
polesine-zibello,parma,550000.0
polignano-a-mare,bari,550000.0
polino,terni,110000.0
polizzi-generosa,palermo,310000.0
pollenza,macerata,320000.0
pollina,palermo,200000.0
pollutri,chieti,58000.0
polpenazze-del-garda,brescia,522500.0
polverigi,ancona,199900.0
pomarance,pisa,222500.0
pomezia,rome,112000.0
ponsacco,pisa,690000.0
pont-canavese,turin,100500.0
pontassieve,florence,570000.0
ponte-buggianese,pistoia,165000.0
ponte-di-piave,treviso,267500.0
ponte-nizza,pavia,440000.0
ponte-san-nicolo,padua,350000.0
pontecorvo,frosinone,215813.0
pontedassio,imperia,157500.0
pontedera,pisa,525000.0
pontelongo,padua,195000.0
pontestura,alessandria,112500.0
ponti,alessandria,205000.0
ponti-sul-mincio,mantua,579000.0
pontinvrea,savona,150000.0
pontremoli,massa-carrara,150000.0
ponza,latina,600000.0
ponzano-di-fermo,fermo,140000.0
ponzano-monferrato,alessandria,250000.0
ponzano-romano,rome,800000.0
ponzano-veneto,treviso,495000.0
ponzone,alessandria,97500.0
popoli,pescara,65000.0
poppi,arezzo,300000.0
porano,terni,250000.0
porcari,lucca,580000.0
porcia,pordenone,65000.0
pordenone,pordenone,371370.0
porlezza,como,400000.0
pornassio,imperia,85000.0
portacomaro,asti,280000.0
portici,naples,360000.0
porto-azzurro,livorno,850000.0
porto-cesareo,lecce,287788.0
porto-recanati,macerata,507000.0
porto-rotondo,sassari,320000.0
porto-san-giorgio,fermo,310000.0
porto-sant-elpidio,fermo,245000.0
porto-valtravaglia,varese,389000.0
porto-venere,la-spezia,950000.0
porto-viro,rovigo,280000.0
portobuffole,treviso,800000.0
portocannone,campobasso,270000.0
portoferraio,livorno,490000.0
portogruaro,venice,590000.0
portomaggiore,ferrara,91500.0
portopalo-di-capo-passero,syracuse,279000.0
posada,nuoro,170000.0
possagno,treviso,390000.0
posta-fibreno,frosinone,187500.0
postua,vercelli,135000.0
potenza-picena,macerata,450000.0
povegliano,treviso,382500.0
pozzallo,ragusa,199000.0
pozzolengo,brescia,390000.0
pozzolo-formigaro,alessandria,49000.0
pradalunga,bergamo,269000.0
pradamano,udine,750000.0
pragelato,turin,131200.0
praia-a-mare,cosenza,120000.0
pramaggiore,venice,120000.0
prasco,alessandria,320000.0
prascorsano,turin,47000.0
prata-d-ansidonia,l-aquila,260000.0
prata-di-pordenone,pordenone,316000.0
prato,prato,270000.0
pratola-peligna,l-aquila,130000.0
pratovecchio-stia,arezzo,198000.0
pravisdomini,pordenone,130000.0
pray,biella,180000.0
pre-saint-didier,aoste,475000.0
preci,perugia,292500.0
predaia,trento,280000.0
predore,bergamo,150000.0
predosa,alessandria,150750.0
preganziol,treviso,435000.0
premeno,verbano-cusio-ossola,534500.0
premolo,bergamo,148000.0
premosello-chiovenda,verbano-cusio-ossola,150000.0
presicce-acquarica,lecce,235000.0
pretoro,chieti,110000.0
prignano-cilento,salerno,245000.0
primiero-san-martino-di-castrozza,trento,319000.0
priocca,cuneo,750000.0
priolo-gargallo,syracuse,103066.5
priverno,latina,98500.0
proceno,viterbo,158888.0
procida,naples,560000.0
proserpio,como,620000.0
prossedi,latina,295000.0
prunetto,cuneo,220000.0
puegnago-del-garda,brescia,580000.0
pula,cagliari,529000.0
pusiano,como,530000.0
putignano,bari,425000.0
qualiano,naples,156000.0
quarna-sotto,verbano-cusio-ossola,110000.0
quarrata,pistoia,650000.0
quart,aoste,690000.0
quarto-d-altino,venice,208000.0
quartu-sant-elena,cagliari,332500.0
quattordio,alessandria,217000.0
quiliano,savona,449500.0
quinto-vicentino,vicenza,290000.0
rabbi,trento,230000.0
racalmuto,agrigento,218000.0
radda-in-chianti,siena,498000.0
radicofani,siena,324500.0
radicondoli,siena,379000.0
raffadali,agrigento,350000.0
ragalna,catania,169000.0
ragusa,ragusa,98000.0
raiano,l-aquila,222500.0
ramacca,catania,890000.0
randazzo,catania,182500.0
ranzanico,bergamo,139000.0
rapallo,genoa,267000.0
rapino,chieti,237500.0
rapolano-terme,siena,155000.0
ravenna,ravenna,263000.0
realmonte,agrigento,400000.0
recanati,macerata,201500.0
refrancore,asti,97500.0
reggello,florence,790000.0
reitano,messina,182500.0
resia,udine,45000.0
revine-lago,treviso,252500.0
rezzo,imperia,290000.0
rialto,savona,100000.0
riano,rome,575000.0
ribera,agrigento,149000.0
ricadi,vibo-valentia,317500.0
riccione,rimini,660000.0
ricco-del-golfo-di-spezia,la-spezia,120000.0
riese-pio-x,treviso,388000.0
riesi,caltanissetta,45000.0
rieti,rieti,264500.0
rignano-sull-arno,florence,435000.0
rimini,rimini,850000.0
rio,livorno,450000.0
riomaggiore,la-spezia,329900.0
ripa-teatina,chieti,370000.0
riparbella,pisa,429000.0
ripatransone,ascoli-piceno,180000.0
ripe-san-ginesio,macerata,380000.0
ripi,frosinone,680000.0
riposto,catania,160000.0
ritten,bolzano,450000.0
riva-del-po,ferrara,150000.0
riva-ligure,imperia,300000.0
rivara,turin,410000.0
rivarolo-canavese,turin,139000.0
rivello,potenza,220000.0
rivergaro,piacenza,245000.0
rivignano-teor,udine,75000.0
rivoli,turin,484000.0
roana,vicenza,395000.0
roascio,cuneo,200000.0
roasio,vercelli,160000.0
roatto,asti,65000.0
robella,asti,115000.0
roburent,cuneo,89000.0
rocca-canavese,turin,245000.0
rocca-ciglie,cuneo,161487.0
rocca-d-arazzo,asti,199000.0
rocca-d-arce,frosinone,73000.0
rocca-d-evandro,caserta,255000.0
rocca-de-baldi,cuneo,245000.0
rocca-di-papa,rome,455000.0
rocca-grimalda,alessandria,280000.0
rocca-imperiale,cosenza,95000.0
rocca-san-giovanni,chieti,181000.0
rocca-sinibalda,rieti,485000.0
roccacasale,l-aquila,79000.0
roccafluvione,ascoli-piceno,67000.0
roccalbegna,grosseto,524000.0
roccamandolfi,isernia,125000.0
roccamontepiano,chieti,580000.0
roccamorice,pescara,84500.0
roccantica,rieti,740000.0
roccascalegna,chieti,167500.0
roccasecca,frosinone,119000.0
roccaspinalveti,chieti,58000.0
roccastrada,grosseto,142500.0
roccaverano,asti,110000.0
roccavignale,savona,115000.0
roccavione,cuneo,733429.0
roccavivara,campobasso,74000.0
rocchetta-belbo,cuneo,650000.0
rocchetta-di-vara,la-spezia,105500.0
rocchetta-tanaro,asti,52500.0
roddi,cuneo,395000.0
rodi-garganico,foggia,230000.0
rodigo,mantua,150000.0
roe-volciano,brescia,300000.0
roio-del-sangro,chieti,40000.0
rome,rome,605000.0
ronago,como,429000.0
roncade,treviso,529000.0
ronciglione,viterbo,297000.0
ronco-canavese,turin,48000.0
roncoferraro,mantua,130000.0
roncola,bergamo,79000.0
rosciano,pescara,99000.0
roseto-degli-abruzzi,teramo,270000.0
rosignano-marittimo,livorno,498500.0
rosolina,rovigo,457500.0
rosolini,syracuse,200000.0
rosora,ancona,420000.0
rossiglione,genoa,37000.0
rotella,ascoli-piceno,87500.0
rovellasca,como,130000.0
rovere-veronese,verona,1000000.0
rovereto,trento,485000.0
rovetta,bergamo,420000.0
rovigo,rovigo,225000.0
rovolon,padua,364500.0
rubano,padua,420000.0
rubiana,turin,87329.0
rueglio,turin,44000.0
ruffano,lecce,145000.0
rufina,florence,319000.0
rutigliano,bari,590000.0
sabaudia,latina,530000.0
saccolongo,padua,127000.0
sacrofano,rome,590000.0
saint-pierre,aoste,145000.0
sala-comacina,como,530000.0
sala-monferrato,alessandria,75000.0
salassa,turin,390000.0
sale-marasino,brescia,640000.0
sale-san-giovanni,cuneo,297000.0
salemi,trapani,200000.0
salerno,salerno,535000.0
salgareda,treviso,315000.0
saliceto,cuneo,78000.0
salle,pescara,48500.0
salmour,cuneo,495000.0
salo,brescia,599200.0
saludecio,rimini,656000.0
salve,lecce,260000.0
salzano,venice,260000.0
sambuca-di-sicilia,agrigento,58000.0
sambuca-pistoiese,pistoia,350000.0
sampeyre,cuneo,195000.0
san-bartolomeo-al-mare,imperia,305000.0
san-benedetto-belbo,cuneo,165000.0
san-benedetto-del-tronto,ascoli-piceno,367500.0
san-benedetto-val-di-sambro,bologna,330000.0
san-benigno-canavese,turin,290000.0
san-bernardino-verbano,verbano-cusio-ossola,370000.0
san-biagio-della-cima,imperia,205000.0
san-biagio-di-callalta,treviso,269000.0
san-biagio-platani,agrigento,77000.0
san-buono,chieti,75000.0
san-casciano-dei-bagni,siena,412750.0
san-casciano-in-val-di-pesa,florence,705000.0
san-cassiano,lecce,130000.0
san-cesario-di-lecce,lecce,340000.0
san-chirico-raparo,potenza,70000.0
san-cipirello,palermo,229000.0
san-clemente,rimini,850000.0
san-colombano-al-lambro,milan,595000.0
san-colombano-belmonte,turin,49000.0
san-colombano-certenoli,genoa,550000.0
san-cono,catania,94000.0
san-costanzo,pesaro-and-urbino,457500.0
san-damiano-d-asti,asti,305000.0
san-daniele-del-friuli,udine,800000.0
san-demetrio-ne-vestini,l-aquila,110000.0
san-dona-di-piave,venice,145000.0
san-donato-milanese,milan,332000.0
san-donato-val-di-comino,frosinone,121500.0
san-felice-circeo,latina,520000.0
san-felice-del-benaco,brescia,655000.0
san-felice-del-molise,campobasso,50000.0
san-fermo-della-battaglia,como,655000.0
san-fior,treviso,360000.0
san-gillio,turin,440000.0
san-gimignano,siena,415000.0
san-ginesio,macerata,250000.0
san-giorgio-di-nogaro,udine,442000.0
san-giorgio-scarampi,asti,250000.0
san-giorio-di-susa,turin,190000.0
san-giovanni-a-piro,salerno,124000.0
san-giovanni-incarico,frosinone,39000.0
san-giovanni-la-punta,catania,186764.5
san-giovanni-teatino,chieti,177000.0
san-giovanni-valdarno,arezzo,250000.0
san-giuliano-terme,pisa,395000.0
san-giuseppe-jato,palermo,55000.0
san-giustino,perugia,194000.0
san-gregorio-di-catania,catania,237500.0
san-gregorio-nelle-alpi,belluno,450000.0
san-lazzaro-di-savena,bologna,320000.0
san-lorenzo-in-campo,pesaro-and-urbino,250000.0
san-lucido,cosenza,120000.0
san-mango-d-aquino,catanzaro,60000.0
san-marcello,ancona,670000.0
san-marcello-piteglio,pistoia,125000.0
san-marco-la-catola,foggia,80000.0
san-martino-alfieri,asti,188000.0
san-martino-buon-albergo,verona,145000.0
san-marzano-oliveto,asti,440000.0
san-massimo,campobasso,90000.0
san-mauro-forte,matera,165000.0
san-mauro-torinese,turin,490000.0
san-michele-al-tagliamento,venice,270000.0
san-michele-di-ganzaria,catania,36000.0
san-michele-salentino,brindisi,588000.0
san-miniato,pisa,435000.0
san-nicola-arcella,cosenza,99000.0
san-nicolo-gerrei,south-sardinia,730000.0
san-pancrazio-salentino,brindisi,230000.0
san-pantaleo,sassari,595000.0
san-pellegrino-terme,bergamo,258000.0
san-pietro-clarenza,catania,98000.0
san-pietro-in-bevagna,taranto,162500.0
san-pietro-in-casale,bologna,279000.0
san-pietro-in-lama,lecce,120000.0
san-pietro-infine,caserta,49000.0
san-pietro-vernotico,brindisi,140000.0
san-pio-delle-camere,l-aquila,55000.0
san-polo-matese,campobasso,40750.0
san-prospero,modena,295000.0
san-quirico-d-orcia,siena,330000.0
san-quirino,pordenone,100000.0
san-raffaele-cimena,turin,380000.0
san-romano-in-garfagnana,lucca,104000.0
san-salvatore-monferrato,alessandria,69500.0
san-salvo,chieti,249000.0
san-severino-marche,macerata,190000.0
san-siro,como,340000.0
san-teodoro,sassari,299000.0
san-valentino-in-abruzzo-citeriore,pescara,60000.0
san-venanzo,terni,200000.0
san-vendemiano,treviso,169000.0
san-vincenzo,livorno,650000.0
san-vito,south-sardinia,270000.0
san-vito-al-tagliamento,pordenone,620000.0
san-vito-chietino,chieti,210000.0
san-vito-dei-normanni,brindisi,435000.0
san-vito-lo-capo,trapani,280000.0
san-vittore-del-lazio,frosinone,114500.0
san-zenone-al-po,pavia,135000.0
sanarica,lecce,580000.0
sandigliano,biella,169000.0
sangineto,cosenza,116000.0
sannicola,lecce,332500.0
sanremo,imperia,480000.0
sansepolcro,arezzo,205000.0
sant-agata-de-goti,benevento,370000.0
sant-agata-di-militello,messina,315000.0
sant-agata-li-battiati,catania,205000.0
sant-alfio,catania,44000.0
sant-ambrogio-di-valpolicella,verona,135000.0
sant-ambrogio-sul-garigliano,frosinone,150000.0
sant-anatolia-di-narco,perugia,98000.0
sant-andrea-del-garigliano,frosinone,160000.0
sant-angelo-a-cupolo,benevento,178000.0
sant-angelo-di-brolo,messina,240000.0
sant-angelo-di-piove-di-sacco,padua,340000.0
sant-angelo-in-pontano,macerata,250000.0
sant-angelo-in-vado,pesaro-and-urbino,514500.0
sant-angelo-lodigiano,lodi,85000.0
sant-antioco,south-sardinia,150000.0
sant-antonio-di-gallura,sassari,230000.0
sant-elia-fiumerapido,frosinone,40000.0
sant-elpidio-a-mare,fermo,220000.0
sant-eufemia-a-maiella,pescara,62000.0
sant-ippolito,pesaro-and-urbino,60000.0
sant-olcese,genoa,69000.0
sant-omero,teramo,62000.0
sant-omobono-terme,bergamo,135000.0
santa-caterina-villarmosa,caltanissetta,129000.0
santa-cesarea-terme,lecce,435000.0
santa-croce-camerina,ragusa,179000.0
santa-croce-sull-arno,pisa,350000.0
santa-domenica-talao,cosenza,110000.0
santa-elisabetta,agrigento,39000.0
santa-fiora,grosseto,208000.0
santa-flavia,palermo,160000.0
santa-giustina,belluno,850000.0
santa-luce,pisa,345000.0
santa-lucia-di-piave,treviso,226000.0
santa-margherita-ligure,genoa,575000.0
santa-maria-a-monte,pisa,420000.0
santa-maria-del-cedro,cosenza,77000.0
santa-maria-di-licodia,catania,97500.0
santa-maria-nuova,ancona,36900.0
santa-marina,salerno,335000.0
santa-marinella,rome,407500.0
santa-teresa-gallura,sassari,257500.0
santa-venerina,catania,92000.0
santa-vittoria-in-matenano,fermo,207500.0
santarcangelo-di-romagna,rimini,395000.0
santo-stefano-belbo,cuneo,150000.0
santo-stefano-d-aveto,genoa,135000.0
santo-stefano-di-camastra,messina,135000.0
santo-stefano-di-magra,la-spezia,170000.0
santo-stefano-roero,cuneo,220000.0
santopadre,frosinone,99000.0
santu-lussurgiu,oristano,58000.0
sapri,salerno,169000.0
sarezzano,alessandria,490000.0
sarnano,macerata,110000.0
sarnico,bergamo,365000.0
sarroch,cagliari,675000.0
sarteano,siena,405000.0
sarzana,la-spezia,630000.0
sassari,sassari,199000.0
sassello,savona,110000.0
sassocorvaro-auditore,pesaro-and-urbino,410000.0
sassofeltrio,rimini,690000.0
sassoferrato,ancona,154000.0
saturnia,grosseto,480000.0
sauze-d-oulx,turin,640000.0
sauze-di-cesana,turin,585500.0
sava,taranto,209500.0
savigliano,cuneo,950000.0
savignone,genoa,74000.0
savona,savona,230000.0
scafa,pescara,100000.0
scafati,salerno,572500.0
scalea,cosenza,85000.0
scandiano,reggio-emilia,590000.0
scandicci,florence,500000.0
scandriglia,rieti,239500.0
scano-di-montiferro,oristano,132000.0
scansano,grosseto,345000.0
scario,salerno,257000.0
scarlino,grosseto,720000.0
scarperia-e-san-piero,florence,300000.0
scerni,chieti,85000.0
scheggia-e-pascelupo,perugia,70000.0
scheggino,perugia,52000.0
schiavi-di-abruzzo,chieti,49000.0
schignano,como,460000.0
schio,vicenza,510000.0
sciacca,agrigento,300000.0
scicli,ragusa,160000.0
scilla,reggio-calabria,200000.0
sciolze,turin,170000.0
scontrone,l-aquila,70000.0
scopa,vercelli,245000.0
scordia,catania,190000.0
scorrano,lecce,85000.0
scurzolengo,asti,82000.0
seborga,imperia,395000.0
secinaro,l-aquila,110000.0
sefro,macerata,49000.0
seggiano,grosseto,207500.0
segni,rome,169000.0
segrate,milan,770000.0
segusino,treviso,215000.0
selargius,cagliari,390000.0
sella-giudicarie,trento,90000.0
sellano,perugia,114182.0
selvino,bergamo,59000.0
semproniano,grosseto,269000.0
seneghe,oristano,143000.0
senigallia,ancona,460000.0
senorbi,south-sardinia,175000.0
sepino,campobasso,65000.0
sequals,pordenone,140000.0
seravezza,lucca,512500.0
seregno,monza-and-brianza,280000.0
sermoneta,latina,314000.0
serole,asti,127500.0
serra-de-conti,ancona,158000.0
serra-san-quirico,ancona,310000.0
serra-sant-abbondio,pesaro-and-urbino,120000.0
serrapetrona,macerata,102000.0
serravalle-di-chienti,macerata,37500.0
serravalle-pistoiese,pistoia,552500.0
serravalle-scrivia,alessandria,49000.0
servigliano,fermo,154000.0
sessame,asti,85000.0
sestino,arezzo,217500.0
sesto-al-reghena,pordenone,350000.0
sesto-calende,varese,690000.0
sesto-fiorentino,florence,265000.0
sesto-san-giovanni,milan,632500.0
sestri-levante,genoa,390000.0
sestu,cagliari,500000.0
settefrati,frosinone,76000.0
settime,asti,330000.0
settimo-torinese,turin,180000.0
seveso,monza-and-brianza,450000.0
sezzadio,alessandria,41000.0
sfruz,trento,230000.0
siena,siena,550000.0
silea,treviso,490000.0
sillano-giuncugnano,lucca,175000.0
silvi,teramo,297500.0
sinagra,messina,290000.0
sinalunga,siena,255000.0
sindia,nuoro,307500.0
siniscola,nuoro,260000.0
sinnai,cagliari,677500.0
sirmione,brescia,550000.0
sirolo,ancona,259000.0
smerillo,fermo,165000.0
socchieve,udine,680000.0
sogliano-cavour,lecce,180000.0
soiano-del-lago,brescia,429500.0
solarino,syracuse,92500.0
soldano,imperia,325000.0
solero,alessandria,257500.0
soleto,lecce,137500.0
solferino,mantua,599000.0
solto-collina,bergamo,328000.0
somano,cuneo,370000.0
somma-lombardo,varese,960000.0
sommariva-perno,cuneo,349000.0
sona,verona,320000.0
sondrio,sondrio,347043.5
sora,frosinone,150000.0
sorano,grosseto,410000.0
sori,genoa,560000.0
soriano-nel-cimino,viterbo,705000.0
sorico,como,590000.0
sormano,como,595000.0
sorrento,naples,590000.0
sorso,sassari,169900.0
sortino,syracuse,279678.0
sovere,bergamo,95000.0
sovicille,siena,560500.0
sparanise,caserta,64000.0
sparone,turin,59000.0
specchia,lecce,830000.0
spello,perugia,265000.0
sperlonga,latina,420000.0
spezzano-albanese,cosenza,96000.0
spiazzo,trento,490000.0
spigno-monferrato,alessandria,227500.0
spilimbergo,pordenone,127500.0
spilinga,vibo-valentia,187000.0
spino-d-adda,cremona,395000.0
spinoso,potenza,170000.0
spoleto,perugia,245000.0
spoltore,pescara,159000.0
spongano,lecce,69000.0
spotorno,savona,395000.0
spresiano,treviso,480000.0
squinzano,lecce,330000.0
stazzano,alessandria,35000.0
stazzema,lucca,60000.0
stella,savona,247500.0
stellanello,savona,560000.0
stenico,trento,135000.0
stintino,sassari,434500.0
storo,trento,334000.0
stra,venice,195000.0
strembo,trento,365000.0
stresa,verbano-cusio-ossola,640000.0
strevi,alessandria,360000.0
stroncone,terni,260000.0
strongoli,crotone,289000.0
subbiano,arezzo,104000.0
sulmona,l-aquila,234000.0
sulzano,brescia,460000.0
suni,oristano,72000.0
supersano,lecce,33000.0
susegana,treviso,277000.0
sutri,viterbo,289000.0
sutrio,udine,45000.0
suvereto,livorno,835000.0
syracuse,syracuse,180000.0
taggia,imperia,310000.0
taibon-agordino,belluno,89000.0
talla,arezzo,222000.0
taormina,messina,580000.0
tarano,rieti,199000.0
taranto,taranto,135000.0
tarquinia,viterbo,199000.0
tarzo,treviso,169500.0
taurisano,lecce,157000.0
tavenna,campobasso,99000.0
tavernerio,como,763041.0
taviano,lecce,234500.0
teglio,sondrio,399000.0
telti,sassari,550000.0
tempio-pausania,sassari,370000.0
teolo,padua,980000.0
termini-imerese,palermo,175000.0
termoli,campobasso,324000.0
ternate,varese,610000.0
terni,terni,250000.0
terracina,latina,395000.0
terranuova-bracciolini,arezzo,390000.0
terrasini,palermo,178000.0
terre-roveresche,pesaro-and-urbino,248000.0
terricciola,pisa,195000.0
tertenia,nuoro,290000.0
terzo,alessandria,143470.5
testico,savona,274000.0
thiesi,sassari,140000.0
tiglieto,genoa,751636.0
tigliole,asti,399000.0
tignale,brescia,700000.0
tione-degli-abruzzi,l-aquila,82000.0
tione-di-trento,trento,75000.0
tivoli,rome,260000.0
tocco-da-casauria,pescara,73500.0
todi,perugia,195000.0
toffia,rieti,450000.0
toirano,savona,245000.0
tolentino,macerata,172000.0
tollo,chieti,360000.0
tonco,asti,142500.0
tora-e-piccilli,caserta,220000.0
torchiara,salerno,185000.0
torella-del-sannio,campobasso,39000.0
torgnon,aoste,235000.0
torino-di-sangro,chieti,120000.0
tornareccio,chieti,53000.0
tornimparte,l-aquila,88000.0
torno,como,560000.0
torpe,nuoro,138000.0
torraca,salerno,165000.0
torre-bormida,cuneo,125000.0
torre-de-passeri,pescara,89000.0
torre-di-ruggiero,catanzaro,280000.0
torre-pellice,turin,375000.0
torre-san-patrizio,fermo,234500.0
torre-santa-susanna,brindisi,990000.0
torrebruna,chieti,52500.0
torretta,palermo,135000.0
torri-del-benaco,verona,750000.0
torrice,frosinone,107500.0
torricella,taranto,102500.0
torricella-in-sabina,rieti,395000.0
torriglia,genoa,420000.0
torrita-di-siena,siena,288000.0
tortora,cosenza,164500.0
tortoreto,teramo,200000.0
toscolano-maderno,brescia,441150.0
tossicia,teramo,95000.0
trabia,palermo,240000.0
tramonti-di-sotto,pordenone,66500.0
trani,barletta-andria-trani,570000.0
trapani,trapani,400000.0
trappeto,palermo,267000.0
trarego-viggiona,verbano-cusio-ossola,650000.0
tratalias,south-sardinia,130000.0
traversella,turin,95000.0
travesio,pordenone,224500.0
trecastagni,catania,139000.0
tredozio,forli-cesena,94000.0
tregnago,verona,350000.0
treia,macerata,253626.0
tremestieri-etneo,catania,161500.0
tremezzina,como,490000.0
tremosine,brescia,565000.0
trento,trento,459000.0
trequanda,siena,245000.0
tresana,massa-carrara,175000.0
trescore-balneario,bergamo,379500.0
tresignana,ferrara,64000.0
tresivio,sondrio,499500.0
tresnuraghes,oristano,145000.0
trevi,perugia,284500.0
treviglio,bergamo,850000.0
trevignano-romano,rome,505000.0
treviolo,bergamo,267500.0
treviso,treviso,442500.0
treviso-bresciano,brescia,65000.0
trezzano-sul-naviglio,milan,422500.0
trezzo-sull-adda,milan,810000.0
tricarico,matera,150000.0
tricase,lecce,782500.0
tricesimo,udine,950000.0
trieste,trieste,532500.0
triggiano,bari,140000.0
trinita-d-agultu-e-vignola,sassari,244500.0
triora,imperia,120000.0
triuggio,monza-and-brianza,790000.0
trivento,campobasso,80000.0
trivigliano,frosinone,279000.0
trontano,verbano-cusio-ossola,725000.0
tropea,vibo-valentia,327250.0
tufillo,chieti,57000.0
tuglie,lecce,309500.0
tula,sassari,420000.0
tuoro-sul-trasimeno,perugia,315000.0
turin,turin,310000.0
turrivalignani,pescara,60000.0
tuscania,viterbo,168000.0
udine,udine,355000.0
ugento,lecce,286500.0
uggiano-la-chiesa,lecce,590000.0
umbertide,perugia,322500.0
uras,oristano,177500.0
urbania,pesaro-and-urbino,235000.0
urbe,savona,60000.0
urbino,pesaro-and-urbino,520000.0
urbisaglia,macerata,105000.0
urtijei,bolzano,850000.0
usellus,oristano,149000.0
ustica,palermo,137000.0
uzzano,pistoia,390000.0
vacri,chieti,99500.0
vado-ligure,savona,270000.0
vagli-sotto,lucca,92500.0
vaglia,florence,445000.0
vaglio-serra,asti,220000.0
vaiano,prato,490000.0
vajont,pordenone,130000.0
val-brembilla,bergamo,290000.0
val-di-chy,turin,74500.0
val-di-zoldo,belluno,595000.0
valbondione,bergamo,74000.0
valbrenta,vicenza,57500.0
valchiusa,turin,63000.0
valderice,trapani,323114.0
valdidentro,sondrio,412500.0
valdisotto,sondrio,370000.0
valdobbiadene,treviso,560000.0
valduggia,vercelli,120000.0
valeggio-sul-mincio,verona,645000.0
valentano,viterbo,450000.0
valenza,alessandria,649000.0
valenzano,bari,780000.0
valfabbrica,perugia,580000.0
valfenera,asti,310000.0
valgoglio,bergamo,62000.0
vallada-agordina,belluno,250000.0
valle-cannobina,verbano-cusio-ossola,120500.0
valle-castellana,teramo,220000.0
vallebona,imperia,495000.0
vallecorsa,frosinone,70000.0
vallecrosia,imperia,495000.0
valledoria,sassari,154000.0
vallerotonda,frosinone,195000.0
valloriate,cuneo,35000.0
valmadrera,lecco,502500.0
valmontone,rome,289000.0
valperga,turin,139000.0
valsamoggia,bologna,425000.0
valsolda,como,950000.0
valstrona,verbano-cusio-ossola,60000.0
valtopina,perugia,84000.0
valtournenche,aoste,850000.0
valva,salerno,138000.0
valvasone-arzene,pordenone,265000.0
valverde,catania,120000.0
valvestino,brescia,94000.0
vaprio-d-agogna,novara,350000.0
varallo-pombia,novara,655000.0
varazze,savona,297500.0
varenna,lecco,495000.0
varese,varese,547500.0
varese-ligure,la-spezia,99000.0
varmo,udine,242000.0
varzi,pavia,78000.0
vasia,imperia,89000.0
vasto,chieti,320000.0
vastogirardi,isernia,140000.0
vazzola,treviso,157338.0
vecchiano,pisa,600000.0
vedelago,treviso,425000.0
veglie,lecce,150000.0
velletri,rome,307759.0
venafro,isernia,85000.0
venaria-reale,turin,129000.0
venarotta,ascoli-piceno,142500.0
venetico,messina,98000.0
venice,venice,385000.0
ventimiglia,imperia,250000.0
ventotene,latina,290000.0
verano-brianza,monza-and-brianza,134000.0
verbania,verbano-cusio-ossola,487500.0
vercana,como,543832.0
vercelli,vercelli,120000.0
verdello,bergamo,132000.0
vergato,bologna,690000.0
vernasca,piacenza,320000.0
vernazza,la-spezia,245450.0
vernio,prato,527500.0
vernole,lecce,149500.0
verolengo,turin,498000.0
veroli,frosinone,134000.0
verona,verona,725000.0
verrua-savoia,turin,150000.0
verucchio,rimini,615000.0
vesime,asti,280000.0
vestone,brescia,154000.0
vetralla,viterbo,260000.0
vezzano-ligure,la-spezia,620000.0
viadana,mantua,147000.0
viagrande,catania,138278.5
viareggio,lucca,450000.0
viarigi,asti,110000.0
vibo-valentia,vibo-valentia,120000.0
vibonati,salerno,210000.0
vicalvi,frosinone,161000.0
vicari,palermo,55000.0
vicchio,florence,419500.0
vicenza,vicenza,505000.0
vico-del-gargano,foggia,112500.0
vico-equense,naples,685000.0
vico-nel-lazio,frosinone,420000.0
vicoforte,cuneo,47500.0
vicoli,pescara,245000.0
viddalba,sassari,89000.0
vigevano,pavia,230000.0
vigliano-d-asti,asti,232500.0
vignale-monferrato,alessandria,725000.0
vignolo,cuneo,162500.0
vignone,verbano-cusio-ossola,630000.0
vigolzone,piacenza,220000.0
vigonza,padua,380000.0
villa-basilica,lucca,195000.0
villa-collemandina,lucca,102000.0
villa-d-alme,bergamo,230000.0
villa-di-tirano,sondrio,370000.0
villa-faraldi,imperia,294000.0
villa-guardia,como,715000.0
villa-latina,frosinone,433796.0
villa-san-secondo,asti,425000.0
villa-santo-stefano,frosinone,35000.0
villa-verde,oristano,85000.0
villadeati,alessandria,169000.0
villafalletto,cuneo,149000.0
villafranca-d-asti,asti,245000.0
villafranca-in-lunigiana,massa-carrara,137500.0
villalfonsina,chieti,45000.0
villamagna,chieti,294000.0
villamiroglio,alessandria,78500.0
villanova-d-asti,asti,390000.0
villanova-mondovi,cuneo,800000.0
villanova-monteleone,sassari,110000.0
villaputzu,south-sardinia,74000.0
villar-focchiardo,turin,290000.0
villar-perosa,turin,135000.0
villaricca,naples,145000.0
villasalto,south-sardinia,35000.0
villasimius,south-sardinia,520000.0
villaspeciosa,south-sardinia,280000.0
villaverla,vicenza,545000.0
villorba,treviso,310000.0
vinchiaturo,campobasso,69200.0
vinci,florence,580000.0
viola,cuneo,99000.0
visone,alessandria,72500.0
vistrorio,turin,105000.0
vita,trapani,75000.0
viterbo,viterbo,179000.0
vito-d-asio,pordenone,64500.0
vittoria,ragusa,144000.0
vittorio-veneto,treviso,205307.0
vivaro,pordenone,108000.0
vizzini,catania,270000.0
vobarno,brescia,295000.0
vobbia,genoa,38000.0
voghiera,ferrara,500000.0
vogogna,verbano-cusio-ossola,125000.0
volpago-del-montello,treviso,350000.0
volta-mantovana,mantua,895000.0
voltaggio,alessandria,480000.0
volterra,pisa,289500.0
zafferana-etnea,catania,121000.0
zagarolo,rome,300000.0
zambrone,vibo-valentia,285000.0
zenson-di-piave,treviso,248500.0
zeri,massa-carrara,85000.0
zevio,verona,450000.0
zignago,la-spezia,79750.0
zoagli,genoa,530000.0
zola-predosa,bologna,950000.0
zollino,lecce,352000.0
zoppola,pordenone,85000.0
zuccarello,savona,750000.0
